{
  "Right ankle": [1.8401124818044394],
  "Left ankle": [-9.438936777774472],
  "Right knee": [
    -3.151724969630095, 91.47646901387492, 3.3126547913493596,
    92.60050394255455, 6.188300051759029, 56.95433376127971, 2.1474023516268517,
    33.73649810585039, 10.14248595523361, 92.36277181085643, 2.981667681802435,
    58.02151702874585, -4.798696186878942, 31.46292313859294,
    0.8154971223715393, 90.90305869328989
  ],
  "Left knee": [
    -4.564254583036018, 81.51797709941013, -6.160281298791688,
    82.51217066050651, -5.929872708386881, 27.24586447055259,
    -4.510389606263288, 24.774527977710022, -2.9600524743059964,
    22.061537075097476, -12.018097592171387, 77.57048388834335,
    -5.4672087629267025, 22.562967274376206, -1.660019765428956,
    33.465639245480475, 7.73388795646099, 78.64920289082585
  ],
  "Right hip": [
    -7.525650591505979, 95.57585583427192, 69.77944501301333, 103.4545474977936,
    -4.341487560027872, 99.58186661521049, 78.43391065345254,
    100.53010160613368, -6.036192883867443, 98.22656116649236,
    0.15702001558412348, 94.37986701411593
  ],
  "Left hip": [
    -9.060893378638667, 78.37889663918129, 55.984993196769594, 84.6281854585447,
    -13.160902461293517, 83.08164785362843, 61.09134181066332,
    -8.834050171540525, 76.96256364579878, -7.407444856704842, 73.21099555635058
  ],
  "Right shoulder": [16.990817322936827],
  "Left shoulder": [28.94542332461468],
  "Right elbow": [
    161.43058770816094, -156.06833752324496, -92.93864358290875,
    -0.8359506421988669, -34.44662817090227, -12.11662946624324,
    89.19797270220282, -174.1747625351042, -76.64467066498918,
    -126.49070843050276, -92.82309027844047, -132.4892523846582,
    -71.64817581699484, -108.82655533378579, -138.6604755324188,
    28.053495486702275, -3.405570451741852, 174.14681337510083,
    -179.47373688804132, 179.7881623352336, -179.3997531414386,
    -146.1824581999753, -80.23739398355201, -123.11748439765603,
    -66.98450271148005, -116.31498352401337, -82.07336446927775,
    -109.49904855682811, -65.67043485742408, -165.6253058298285,
    -88.75558486001069, -121.4670694586739, -84.65918579780998,
    -105.82914118786181, -126.64459687090624, -35.443638035704936,
    -72.85016119057167, -11.487388815862147, -41.32986610136973,
    -98.73241031939563, -127.69184340497236, -26.24431890371625,
    -146.84708843957884, -31.23777169233378, -142.19148521974552,
    -172.03541802106224, -149.26783408383398, 7.555909373106061,
    71.63814376732032, 6.535426569477011, 71.54060733306338, 44.549088958785234,
    178.74665391131236, -171.04871715734672, 178.04356249409844,
    -178.08239395596118, 164.3944183842993, -151.76054828898958,
    -20.119654033771923, 24.77081344546582, 2.908380208172474,
    69.36755115349077, 22.491333276709554, 64.7762329406505, 9.090380126753786,
    35.5385877000796, -11.249832796198547, -58.952597936817824,
    -23.569576452572875, -155.0556239237631, -77.51910926086282,
    -135.2265941568579, -98.89336676438182, 170.40751850337298,
    -128.0616126210084, 128.13217180888273, 170.31321203524865,
    -164.5244755723968, -136.33278214802914, -81.89714150498554,
    -107.39450210354295, -11.022603407815723, -76.23318341956167,
    -30.95240174318357, -80.38608317867045, -116.98676244185492,
    -96.4907085697073, -125.24230669936406, -87.73942776191723,
    -133.59620715759192, -79.53535558096542, -110.20628171179698,
    17.454238650792263, -11.407632631503105, 12.723781978482975,
    -8.029925890086702, -132.41548682029978, -39.87794938706247,
    -77.0802650991032, -128.19955395262355, -106.52299471429558,
    -165.4479859860594, -79.89452819739688, -111.91774656505788,
    21.378240461201187, -165.08221793300459, -1.1679135554953177,
    -25.732895395316433, -51.24307364816136, 9.476783052856234,
    -33.57739121071148, 11.241135518708745, -13.156441878703532,
    101.39529266426072, 43.24469305866151, 13.203839497080395,
    -7.466877856337163, -157.74452411643682, 115.15108237700089,
    -171.7242995420063, -87.0983033915017, -35.56894660419795,
    -152.319178505033, 162.70151042183116, -154.26439298219182,
    -94.90077076938678, -139.42887849856874, -97.69469038820023,
    -124.57172979739045, -83.32722647667464, -26.906901446180427,
    -82.9531231728293, -125.95823197024998, -146.50687198693743
  ],
  "Left elbow": [
    -6.426103754001019, 64.24047597744625, 91.33309359065557,
    59.141685515131044, 80.18098259607544, 27.90519152163813,
    160.24316019773156, -177.11578923971203, -110.19020272601563,
    -23.05777015546579, 10.6361421551629, 87.99813437566418, 57.63354467903987,
    104.80176616067428, 42.235362622342194, 0.922128424991115,
    -19.528529697203822, 20.57635831272208, 42.77436343097932,
    101.78627249592624, 61.801443404824056, 92.48066463028431,
    49.420668298480024, 6.441610596835915, -14.149931233938673,
    26.274414680200096, 76.3090435705357, 107.88840849607001, 65.02096073421393,
    93.1793761839723, 48.37688898755823
  ],
  "Right foot": [
    3.876060033262452, -38.858718959419015, -2.884795531681213,
    -43.29878856313552, 2.8286215470800458, -18.400279777573218
  ],
  "Left foot": [-6.39952424228165],
  "Right shank": [
    -87.50249820082433, -108.22506053077137, -88.08779735125852,
    -129.56010000203779, -86.83788507965863, -117.56613337013356,
    -91.80800844770431, -129.2954468896057, -74.62446224634944,
    -114.69100375783353, -89.79929419609277, -110.17375369763182
  ],
  "Left shank": [
    -86.08373099970808, -107.34298940860043, -86.970158677788,
    -109.62431482212145, -85.24820792281884, -111.67046084383334,
    -89.81932789428652
  ],
  "Right thigh": [
    -91.11577741817214, -10.702973635586472, -91.53387993601584,
    -10.622058231551728, -85.65796773316882, -11.670081672512797,
    -91.03871007808725, -68.4358168579743, -88.61024194565987,
    -12.69172845824852
  ],
  "Left thigh": [
    -91.52484204754325, -15.718001976106118, -93.26950345138312,
    -12.652669161478693, -89.16401618356258, -20.542954135116773,
    -92.2882113095694, -21.086577483116123
  ],
  "Trunk": [
    83.02744510590503, 110.78504210518135, 84.41349190137448, 109.4229316206694,
    79.92467401081862, 114.37702776765136, 77.8289424866609, 108.1500886645075,
    79.83890291202243, 115.74432449760263, 85.30861446148185,
    111.45343994011878, 86.19547558451947, 110.70989516668028,
    86.48274155995954, 113.7076482924803
  ],
  "Right arm": [
    -65.16219803141216, -86.05326116593687, -62.49723984022407,
    -85.55141267612485, -59.500047187156966, -87.20541328837052,
    -61.82136977470132, -94.56992364339594, -73.59585926014925,
    -95.68779527056489, -73.6188829313198, -95.71236612996867,
    -68.68902323654237, -92.75566302850123, -67.7643782970154,
    -100.06727427415314, -64.04987179429796
  ],
  "Left arm": [
    -53.407577903607866, -85.73663280179824, -65.31112750780989,
    -86.27473361508626, -64.64048378777714, -87.65855176881809,
    -66.32392165949467, -94.11700015801964, -45.2429133619828,
    -91.03317456406076, -68.6918933399334, -88.86340659165153
  ],