{"Right ankle": [1.9053090778891146], "Left ankle": [-14.30937866714639], "Right knee": [22.242504556226777, -3.3325462458097945, 91.64559631646654, 2.551435903627066, 92.58206690622444, 18.07885513097716, 56.03027806117768, 0.9686460183489771, 33.72625891783474, 4.813383301577687, 92.67265324753168, -4.409194978450955, 57.437733548915844, -4.7943977326032154, 31.815192382122177, 7.6510878808200005, 92.13918565836343, -4.138679477466098, 49.850542878533076, 7.919110131192724], "Left knee": [-6.805041499693743, 81.37175138041488, -1.7558058549493012, 82.68892715209904, -6.195560490443199, 27.54161098055158, -4.182343890688458, 24.727313665477595, -2.7159465302881927, 22.01310106341583, -12.148084743286972, 11.147795890770965, 78.08804518330044, -5.175396855643726, 22.750916823995283, -1.2441828959426857, 33.49768306248643, 7.818959342759285, 79.3931010978132, -8.993661327037671, 25.893341879202183, -3.3272521479710804, 33.44342453973883], "Right hip": [-9.288109675868697, 95.71951119142655, 70.2428770906191, 103.73834548470076, -11.28752172363022, 99.88283717050574, 74.46712026151297, 100.97729366724607, -5.596179988509448, 98.21402375994046, -4.981607971872961, 93.02370916435463, -10.08423643135751], "Left hip": [-11.050102478576179, 77.65350112074856, 56.25297033319133, 84.42271319227505, -12.989829497992787, 82.54962354347191, 61.168382332941206, -8.926703819109235, 76.8714600975018, -7.25511704783392, 72.88446917157755, -14.177790242679066, 7.897044593410612, -13.544949269423427, 6.951980560375489], "Right shoulder": [22.61523167533981, 1.9046295132178324, 23.132600151678577], "Left shoulder": [32.33519036798636, 12.018481389011342, 35.776184694672125, 14.383365219583085, 34.689973898816135, 14.23664335113872, 35.84206139937288, 14.980076528302046, 35.624723896184086], "Right elbow": [-167.36670244485225, -133.7438576628478, -163.1110231781451, -134.73998706141896, -103.63655544820926, -163.45809547735928, 3.5930327084260796, -65.08325930980902, -4.721390492499751, -45.188821529991515, 100.61520985570293, -173.6843220304696, -97.05063367199614, -121.89981744537616, -67.30003999535171, -118.99658801659626, -86.71662606789567, -108.10133602936594, -128.43916653237977, -41.93170635520852, -137.8092744915899, 151.47944211929882, -8.21108322529443, 157.82212449431432, 179.14084838188865, -179.11500334096928, 177.7313764973449, -178.8826044732144, 179.87145736734112, -178.1538480204987, -144.1466954327733, -32.59054021749432, 152.93371693953227, -122.69562006143772, -87.06212841041571, -119.98474417215706, -96.9642039336319, -135.7258408624089, -90.04296395278499, -125.37012560965957, -103.94117037755757, -126.20766971442546, -41.15470119994296, -78.36893411136475, -33.15626138598088, -70.3581707132177, -96.46775173601782, -63.992234571623186, -130.5413251675788, -94.03911562373128, -120.75515887882355, -49.206424379052606, -132.92249353246928, -34.50077787346723, -139.5531890210114, -162.43839189026536, 10.640241201888074, -10.44875221726761, 157.5009921717276, 53.960629623839466, 160.21987015721265, -174.68380729056003, 163.86929197004358, 129.5300656242448, 99.64998969348467, 135.89213519951534, -20.396127080425117, -133.734084883432, -97.83350740962209, -36.34755662137741, -4.731744226489496, 15.561676191587395, 63.608469377611655, 34.90386445643597, 11.834721403020524, 68.93777568798522, 7.860249252507316, 28.712809342368132, -1.6263645677388183, -93.43173037948333, -34.93190887527439, -162.94951596380616, -36.95401833407075, -153.99190655267694, -110.82139450076653, -150.99368931747378, -113.29534127771544, 157.25828158710945, -176.93534066918252, 166.72949417607038, -178.91514932733148, 175.79633016718418, -175.4969825471182, 158.94656430746358, -173.86004058257245, -142.2640039687082, -106.30517291146316, -10.111803670620588, -93.29485625194354, -46.51387870108189, -114.50067806105505, -92.6938295234666, -116.74441344753882, -92.91615046846289, -134.0798639801195, -104.51686270543354, -5.622533605141001, -142.79883438956745, -91.82387436486113, -171.55134262168164, -6.863728151048292, -145.70855641551782, -123.49433889765979, -146.55030465081276, -7.751989241862219, -30.783129260895095, -53.31606584463805, -17.41764254217651, 179.76278432532263, -8.179715234169208, 130.47583656885308, 55.575327892284534, 5.143952767257957, -170.31922304125214, 157.14846111562372, -178.6443081161936, -100.33009985884485, -151.62411632806652, 163.93627140987283, -158.71326572735074, -77.7180544092925, -140.27534770498715, -94.39840095332397, -120.8881839874143, -96.05114658187756, -72.34704986710148, -126.54056273529076, -146.6849297564563, -51.53957801325981, -157.5344208034569, -34.097449256393844, -108.66345380554975, -53.78334465886371, -160.7432476937832, -11.83581292417935, -64.82071251354907, 23.820396937384942, -7.244524846847298, 174.8069291801694, -178.39846689419724, -111.96525211985454, -133.70397862684283, -90.35232744032993, -32.148281992827634], "Left elbow": [-5.59575245843331, 63.61875799970919, 91.74957471044885, 59.93697573846677, 19.854208886714048, 172.2801360695299, -176.70550039941372, -10.791562733271604, 13.049679768690424, 58.38397452195568, 90.70642429293567, 54.54746780781669, 104.50486581459693, 35.8203163494085, 5.1353608071915176, -18.290683809227062, 4.651289496111303, -16.76546791103104, 25.80138235604656, 70.15439509473741, 97.37128775598681, 60.980982968132864, 94.3882981005358, 49.59534937295294, 21.92359090514887, -6.844242849113613, 20.443212359172065, 73.74009397792966, 107.3631018296861, 67.58222611945659, 91.54318025531694, 50.820177907651015, 7.732573203290684, -14.243070745335103, 16.483937700673835, 107.06636619940502, -12.168302092572674], "Right foot": [1.7996860950783151, -40.341887826789105, -1.8633471911922592, -44.07807807666516, 2.9999687486621642, -18.92099411173946], "Left foot": [-10.084925091102308, -30.98397590726163], "Right shank": [-90.06630735693754, -128.8940174786542, -86.81610362240089, -117.86848950148689, -91.81225329671439, -129.31458714460047, -74.707199273117, -114.23847825044321, -89.66632552776328, -110.40090873012363, -90.13535769865368, -128.10984482117604, -90.87635961014946], "Left shank": [-85.64529515443293, -107.22120546898616, -87.08143610560674, -109.91734251385517, -85.21224863831176, -111.61607731029719, -89.86711733208526], "Right thigh": [-91.81593646672714, -10.636094520510952, -85.51209487863099, -10.615925872299265, -85.55461089952745, -11.51443618882288, -90.83122201572992, -67.9496891238213, -88.81743965870922, -12.413297491371551, -95.09390961985508, -72.70013610685854], "Left thigh": [-92.52529827378974, -15.74590913509254, -93.55770990906336, -12.762137681736023, -89.09617265651795, -20.252820487585794, -91.91839527166472, -18.565677072227306, -96.35025492341224, -75.17711469619603], "Trunk": [81.82032179921153, 109.92906676438972, 84.32085950493718, 109.31969870892236, 84.79088698602781, 114.21640663851659, 77.71913984370104, 107.56920658016236, 79.99714527970288, 115.2922845690832, 85.38651669433244, 111.5057026892389, 85.04237279096162, 110.75724419669059, 86.75338502473892, 113.6276749318024, 83.72645220584859], "Right arm": [-59.613602995596096, -86.0401641283878, -62.54826636069785, -85.75498720080586, -61.99625806209837, -89.26489084778093, -60.54851097792998, -94.5073654869676, -70.58110538211449, -94.24041788422062, -73.45716439998812, -94.31346234080489, -67.94835267133207, -94.28747901751719, -69.56129557737891, -96.99309329242068, -64.14714857382965], "Left arm": [-49.07661855950079, -85.90342828084462, -60.6120450987758, -83.67253222465409, -48.60012382341616, -82.26307119596638, -53.43802762500029, -82.57329012022561, -45.254365434883624, -82.62201713876544, -45.68477554477843, -90.73511940142542, -68.1601340654126, -89.26006769858854, -46.61877967496336],